{
  "model": "feedforward",
  "task": "Plate Thickness",
  "k_fold": 2,
  "mean_accuracy": 0.8730737362687937,
  "std_accuracy": 0.009109417759020577,
  "fold_results": [
    {
      "fold": 0,
      "best_accuracy": 0.8639643185097731,
      "classification_report": {
        "Placa_12mm": {
          "precision": 0.7183098591549296,
          "recall": 0.9764658954926206,
          "f1-score": 0.8277261200338123,
          "support": 2507.0
        },
        "Placa_3mm": {
          "precision": 0.9675103891197582,
          "recall": 0.9838647714175951,
          "f1-score": 0.9756190476190476,
          "support": 2603.0
        },
        "Placa_6mm": {
          "precision": 0.9661989795918368,
          "recall": 0.6028651014723438,
          "f1-score": 0.7424650820877235,
          "support": 2513.0
        },
        "accuracy": 0.8558310376492194,
        "macro avg": {
          "precision": 0.8840064092888414,
          "recall": 0.8543985894608532,
          "f1-score": 0.8486034165801944,
          "support": 7623.0
        },
        "weighted avg": {
          "precision": 0.8851227070043848,
          "recall": 0.8558310376492194,
          "f1-score": 0.8501194431540859,
          "support": 7623.0
        }
      },
      "time_seconds": 8.734190702438354
    },
    {
      "fold": 1,
      "best_accuracy": 0.8821831540278142,
      "classification_report": {
        "Placa_12mm": {
          "precision": 0.8792682926829268,
          "recall": 0.8676293622141997,
          "f1-score": 0.8734100545124167,
          "support": 2493.0
        },
        "Placa_3mm": {
          "precision": 0.8602564102564103,
          "recall": 0.9948109710896961,
          "f1-score": 0.9226538329322791,
          "support": 2698.0
        },
        "Placa_6mm": {
          "precision": 0.8991185112634672,
          "recall": 0.7552447552447552,
          "f1-score": 0.8209255533199196,
          "support": 2431.0
        },
        "accuracy": 0.8768039884544739,
        "macro avg": {
          "precision": 0.8795477380676014,
          "recall": 0.8725616961828836,
          "f1-score": 0.872329813588205,
          "support": 7622.0
        },
        "weighted avg": {
          "precision": 0.8788696863568382,
          "recall": 0.8768039884544739,
          "f1-score": 0.8741014598886733,
          "support": 7622.0
        }
      },
      "time_seconds": 6.048497915267944
    }
  ],
  "total_time_seconds": 14.783724069595337,
  "config": {
    "embedding_dim": 512,
    "epochs": 2,
    "batch_size": 16,
    "learning_rate": 0.001,
    "overlap": 0.0
  }
}